{
  "About this file": "This is a Redgate SQL Source Control metadata file. It controls the order that changes are deployed in. Learn more: http://www.red-gate.com/SOC4/order-file-more-info",
  "Deployment order": [
    {"Description":"Changes before migration script 'Covers changes to: System_Hits_Statistic. Script created at 2017-10-05 17:24.'","Type":"Compare","Id":"2017-10-05-172840 s7 auto"},
    {"Description":"Migration script 'Covers changes to: System_Hits_Statistic. Script created at 2017-10-05 17:24.'","Type":"Migration","Id":"2017-10-05-172840 s8 user"},
  ],
  "Conflict in this file?": "If there’s a conflict in this file, you probably want to keep both changes. Learn more: http://www.red-gate.com/SOC4/order-file-more-info"
}