﻿<?xml version="1.0" encoding="utf-8"?>
<DatabaseInformation Version="3">
  <ScriptFileEncoding>UTF8</ScriptFileEncoding>
  <DefaultCollation>SQL_Latin1_General_CP1_CI_AS</DefaultCollation>
  <DefaultSchema>dbo</DefaultSchema>
  <DefaultUser>dbo</DefaultUser>
  <DefaultFilegroup>PRIMARY</DefaultFilegroup>
  <DatabaseVersion>15</DatabaseVersion>
  <CompatibilityLevel>1</CompatibilityLevel>
  <EngineEdition>Standard</EngineEdition>
  <IsAzure>False</IsAzure>
  <ScriptFolderType>Default</ScriptFolderType>
  <MaxDataFileSize>10485760</MaxDataFileSize>
  <ProjectGuid>dee79ec9-3b18-4b60-8688-4ca43dd6fd81</ProjectGuid>
  <WriteToFileOptions>
    <Prefixes>
      <None>
      </None>
      <Table>Tables</Table>
      <StoredProcedure>Stored Procedures</StoredProcedure>
      <View>Views</View>
      <Default>Defaults</Default>
      <FullTextCatalog>Storage\Full Text Catalogs</FullTextCatalog>
      <Function>Functions</Function>
      <Role>Security\Roles</Role>
      <Rule>Rules</Rule>
      <User>Security\Users</User>
      <UserDefinedType>Types\User-defined Data Types</UserDefinedType>
      <Trigger>
      </Trigger>
      <DdlTrigger>Database Triggers</DdlTrigger>
      <Assembly>Assemblies</Assembly>
      <Synonym>Synonyms</Synonym>
      <XmlSchemaCollection>Types\XML Schema Collections</XmlSchemaCollection>
      <MessageType>Service Broker\Message Types</MessageType>
      <Contract>Service Broker\Contracts</Contract>
      <Queue>Service Broker\Queues</Queue>
      <Service>Service Broker\Services</Service>
      <Route>Service Broker\Routes</Route>
      <EventNotification>Service Broker\Event Notifications</EventNotification>
      <PartitionScheme>Storage\Partition Schemes</PartitionScheme>
      <PartitionFunction>Storage\Partition Functions</PartitionFunction>
      <Field>
      </Field>
      <Index>
      </Index>
      <Schema>Security\Schemas</Schema>
      <ServiceBinding>Service Broker\Remote Service Bindings</ServiceBinding>
      <Certificate>Security\Certificates</Certificate>
      <SymmetricKey>Security\Symmetric Keys</SymmetricKey>
      <AsymmetricKey>Security\Asymmetric Keys</AsymmetricKey>
      <CheckConstraint>
      </CheckConstraint>
      <FullTextStoplist>Storage\Full Text Stoplists</FullTextStoplist>
      <ExtendedProperty>Extended Properties</ExtendedProperty>
      <Data>Data</Data>
      <Sequence>Sequences</Sequence>
      <SearchPropertyList>Search Property Lists</SearchPropertyList>
      <SecurityPolicy>Security Policies</SecurityPolicy>
      <ExternalFileFormat>External Resources\External File Formats</ExternalFileFormat>
      <ExternalDataSource>External Resources\External Data Sources</ExternalDataSource>
      <ExternalTable>Tables\External Tables</ExternalTable>
    </Prefixes>
    <DataWriteAllFilesInOneDirectory>True</DataWriteAllFilesInOneDirectory>
  </WriteToFileOptions>
  <DataFileSet>
    <Count>32</Count>
    <DataFile>dbo.FMS_Elog_Changeset_Data.sql</DataFile>
    <DataFile>dbo.FMS_Elog_HOSRule_Data.sql</DataFile>
    <DataFile>dbo.INV_Classification_Job_Data.sql</DataFile>
    <DataFile>dbo.INV_Classification_Setting_Data.sql</DataFile>
    <DataFile>dbo.MCS_Device_ELDEventCode_Data.sql</DataFile>
    <DataFile>dbo.MCS_Fleet_Data.sql</DataFile>
    <DataFile>dbo.MCS_Smartform_Data.sql</DataFile>
    <DataFile>dbo.MCS_Smartform_Question_Data.sql</DataFile>
    <DataFile>dbo.RPT2_DataSource_Data.sql</DataFile>
    <DataFile>dbo.RPT2_FavoriteReports_Data.sql</DataFile>
    <DataFile>dbo.RPT2_Report_Data.sql</DataFile>
    <DataFile>dbo.RPT_XtraReportData_Data.sql</DataFile>
    <DataFile>dbo.System_CommonList_Data.sql</DataFile>
    <DataFile>dbo.System_CommonList_Item_Data.sql</DataFile>
    <DataFile>dbo.System_CustomPayload_Property_Data.sql</DataFile>
    <DataFile>dbo.System_CustomPayload_Setting_Data.sql</DataFile>
    <DataFile>dbo.System_List_Country_Data.sql</DataFile>
    <DataFile>dbo.System_List_Country_StateProvince_Data.sql</DataFile>
    <DataFile>dbo.System_Module_Data.sql</DataFile>
    <DataFile>dbo.System_Module_SystemNumber_Data.sql</DataFile>
    <DataFile>dbo.System_OrganizationType_Data.sql</DataFile>
    <DataFile>dbo.System_Setting_Data.sql</DataFile>
    <DataFile>dbo.System_TimeZone_Data.sql</DataFile>
    <DataFile>dbo.System_UserSetting_Widget_Data.sql</DataFile>
    <DataFile>dbo.TMS_CustomField_Properties_Data.sql</DataFile>
    <DataFile>dbo.TMS_CustomForm_CustomField_Data.sql</DataFile>
    <DataFile>dbo.TMS_CustomForm_Data.sql</DataFile>
    <DataFile>dbo.TMS_CustomForm_Template_Data.sql</DataFile>
    <DataFile>dbo.TMS_Custom_GridView_Data.sql</DataFile>
    <DataFile>dbo.TMS_Notification_Setting_Data.sql</DataFile>
    <DataFile>dbo.TMS_Order_CustomData_Data.sql</DataFile>
    <DataFile>dbo.TMS_Order_Event_StatusMapping_Data.sql</DataFile>
  </DataFileSet>
</DatabaseInformation>