{
  "About this file": "This is a Redgate SQL Source Control metadata file. It controls the order that changes are deployed in. Learn more: http://www.red-gate.com/SOC4/order-file-more-info",
  "Deployment order": [
    {"Description":"Changes before migration script 'Script created at 2018-09-13 11:03.'","Type":"Compare","Id":"2018-09-13-110435 q4 auto"},
    {"Description":"Migration script 'Script created at 2018-09-13 11:03.'","Type":"Migration","Id":"2018-09-13-110435 q5 user"},
  ],
  "Conflict in this file?": "If there’s a conflict in this file, you probably want to keep both changes. Learn more: http://www.red-gate.com/SOC4/order-file-more-info"
}